title,description,long_description,image,creator_id,tags,genres,ai_tools,is_multiplayer,iframe_url,github_url,creator_x_url,how_to_play
LLMMMO,A text-based MMORPG where language mastery is your greatest weapon.,"LLMMMO immerses players in a vast online world where communication drives action. Engage in quests, form alliances, and battle foes using text commands, emphasizing strategy and linguistic skill.",,c9456de6-123b-4099-a528-2b101e39f434,Arcade,Arcade,Calude 3.5,FALSE,LLMMMO,,https://x.com/thomazvu/status/1905075237454229623,"Navigate the game world by typing commands to interact with characters, objects, and other players. Success depends on clear and strategic communication."
AstroDash,Navigate your spaceship through treacherous asteroid fields at breakneck speeds.,"AstroDash challenges players to pilot a spacecraft, dodging obstacles and collecting power-ups across procedurally generated space environments. Quick reflexes and precise control are essential to survive and achieve high scores.",,c9456de6-123b-4099-a528-2b101e39f434,Racing,Racing,Calude 3.5,FALSE,AstroDash,,https://x.com/gobienan/status/1903927622007963663,"Use arrow keys or touch controls to steer your ship, avoiding asteroids and collecting items to boost your score and survivability."
Necropolis: Rise of the Undead,Command an undead army to conquer the living and expand your dark empire.,"In Necropolis, players assume the role of a necromancer, raising and commanding undead forces to battle human settlements. Strategic resource management and tactical combat are key to dominating the realm.",https://aibuiltgames.com/images/necropolis-rise-of-the-undead.png,c9456de6-123b-4099-a528-2b101e39f434,Arcade,Arcade,Calude 3.5,FALSE,Necropolis: Rise of the Undead - Zombie FPS Game,,PeakGrizzly (@PeakGrizzly) / X,"Utilize mouse clicks or touch inputs to summon units, direct attacks, and manage resources. Balance offense and defense to overcome increasingly challenging enemies."
Neon Trailblazer,Illuminate the digital void by creating neon trails in a cybernetic landscape.,"Neon Trailblazer combines fast-paced racing with puzzle elements. Players control a light-emitting vehicle, crafting paths to solve challenges and outmaneuver adversaries in a vibrant, neon-lit world.",https://aibuiltgames.com/images/neon-trailblazer.png,c9456de6-123b-4099-a528-2b101e39f434,Racing,Racing,Calude 3.5,FALSE,Neon Trailblazer,,https://x.com/DmitryMakelove,"Control your vehicle using WASD keys or swipe gestures, creating trails to complete puzzles and block opponents while avoiding collisions."
Bubble Basher,"Pop, dodge, and bash your way through bubble mayhem.","Bubble Basher offers players a fun and frantic experience, requiring them to burst bubbles of various sizes and speeds before they overwhelm the screen. Power-ups and combos enhance the excitement.",https://aibuiltgames.com/images/bubble-basher.png,c9456de6-123b-4099-a528-2b101e39f434,Arcade,Arcade,Calude 3.5,FALSE,Bubble Basher,,https://x.com/JonathanACaruso,"Click or tap on bubbles to pop them, aiming for streaks to build combos. Utilize power-ups strategically to manage the increasing bubble influx."
Flight Simulator 2025,Experience the future of aviation with cutting-edge flight simulation technology.,"Flight Simulator 2025 provides an ultra-realistic piloting experience, featuring next-gen aircraft, dynamic weather systems, and global navigation. Aspiring pilots can hone their skills in various scenarios and challenges.",https://aibuiltgames.com/images/flight.png,c9456de6-123b-4099-a528-2b101e39f434,Simulation,Simulation,Calude 3.5,TRUE,fly.pieter.com,,@levelsio (@levelsio) / X,"Use a combination of keyboard controls and mouse inputs to operate the aircraft's systems, following on-screen prompts and tutorials to master takeoffs, flights, and landings."
Dogfight Arena,Engage in high-octane aerial combat against skilled pilots worldwide.,"Dogfight Arena is a multiplayer flight combat game where players pilot fighter jets in intense dogfights. Customize your aircraft, execute tactical maneuvers, and climb the global leaderboard.",https://aibuiltgames.com/images/dogfight-arena.png,c9456de6-123b-4099-a528-2b101e39f434,Simulation,Simulation,Calude 3.5,TRUE,WW2 Dogfight Arena,,https://x.com/NicolasZu,"Control your jet using joystick or tilt controls, firing weapons and deploying countermeasures with designated buttons. Team coordination and sharp reflexes are vital for victory."
Type Battles,Outtype your opponents to unleash devastating attacks in this typing duel.,"Type Battles transforms typing speed and accuracy into combat prowess. Players face off by typing words or phrases, with faster and more precise typists dealing greater damage to their adversaries.",https://aibuiltgames.com/images/type-battles.png,c9456de6-123b-4099-a528-2b101e39f434,Puzzle,Puzzle,Calude 3.5,TRUE,Type Battles: Free Speed Typing Game,,Edwin Hayward (@edwinhayward) / X,"Type the prompted words or sentences as quickly and accurately as possible to attack your opponent. Mistakes reduce damage output, so precision is key."
Mars Landing Simulator,Master the art of landing spacecraft on the challenging Martian terrain.,"Mars Landing Simulator tasks players with safely landing various spacecraft on Mars, accounting for gravity, wind, and surface conditions. Each mission increases in difficulty, testing piloting skills to the limit.",https://aibuiltgames.com/images/mars-landing-simulator.png,c9456de6-123b-4099-a528-2b101e39f434,Simulation,Simulation,Calude 3.5,FALSE,Mars Simulation with Simplified Cities,,https://x.com/hi_itsbey,"Adjust thrust and angle using on-screen controls to guide your lander to a safe touchdown, monitoring speed and fuel levels carefully."
The Agency,Navigate a world of espionage and intrigue as an elite secret agent.,"In The Agency, players undertake covert missions, utilizing stealth, gadgets, and combat skills to achieve objectives. Choices impact the storyline, leading to multiple endings.",https://aibuiltgames.com/images/the-agency.png,c9456de6-123b-4099-a528-2b101e39f434,Arcade,Arcade,Calude 3.5,FALSE,The Agency,,Joshua Scott Edwards ‚òÄÔ∏è (@JoshSEdwards) / X,"Use keyboard and mouse controls to move, interact, and engage in combat. Pay attention to mission briefings and adapt strategies to complete objectives without detection."
Snake Trae,A modern twist on the classic snake game with new challenges and mechanics.,"Snake Trae reinvents the traditional snake gameplay by introducing obstacles, power-ups, and varied level designs. Players must navigate their growing snake while avoiding collisions and collecting items.",https://aibuiltgames.com/images/snake-trae.png,c9456de6-123b-4099-a528-2b101e39f434,Arcade,Arcade,Calude 3.5,FALSE,trae,,https://x.com/traemikal,"Control the snake's direction using arrow keys or swipe gestures, aiming to collect food and power-ups while avoiding walls and the snake's own tail."
Asteroid Assult,"Step into the world of 'Asteroid Assult', where genre boundaries blur and gameplay surprises.","Asteroid Assult delivers a one-of-a-kind browser experience, combining unexpected mechanics, striking visuals, and clever design choices. Each session offers a new twist, keeping players curious and engaged from the first click to the final challenge.",https://aibuiltgames.com/images/asteroid-assault.png,c9456de6-123b-4099-a528-2b101e39f434,Shooter,Shooter,Calude 3.5,FALSE,Asteroid Assault,,NoFlinch (@NoFlinch) / X,"Play 'Asteroid Assult' using your mouse or keyboard. Each level introduces new mechanics, so pay attention to hints and experiment with interactions to uncover hidden layers of the game."
Star Wing,"Step into the world of 'Star Wing', where genre boundaries blur and gameplay surprises.","Star Wing delivers a one-of-a-kind browser experience, combining unexpected mechanics, striking visuals, and clever design choices. Each session offers a new twist, keeping players curious and engaged from the first click to the final challenge.",https://aibuiltgames.com/images/star-wing.png,c9456de6-123b-4099-a528-2b101e39f434,Simulation,Simulation,Calude 3.5,FALSE,Star Wing,,https://x.com/drosshole,"Play 'Star Wing' using your mouse or keyboard. Each level introduces new mechanics, so pay attention to hints and experiment with interactions to uncover hidden layers of the game."
Arcade City,"Step into the world of 'Arcade City', where genre boundaries blur and gameplay surprises.","Arcade City delivers a one-of-a-kind browser experience, combining unexpected mechanics, striking visuals, and clever design choices. Each session offers a new twist, keeping players curious and engaged from the first click to the final challenge.",https://aibuiltgames.com/images/arcade-city.png,c9456de6-123b-4099-a528-2b101e39f434,Arcade,Arcade,Calude 3.5,FALSE,Arcade,,https://x.com/0xRome,"Play 'Arcade City' using your mouse or keyboard. Each level introduces new mechanics, so pay attention to hints and experiment with interactions to uncover hidden layers of the game."
Rocklight,"Step into the world of 'Rocklight', where genre boundaries blur and gameplay surprises.","Rocklight delivers a one-of-a-kind browser experience, combining unexpected mechanics, striking visuals, and clever design choices. Each session offers a new twist, keeping players curious and engaged from the first click to the final challenge.",https://aibuiltgames.com/images/rocklight.png,c9456de6-123b-4099-a528-2b101e39f434,Shooter,Shooter,Calude 3.5,FALSE,Rocklight - Top-Down Shooter,,https://x.com/skifull579,"Play 'Rocklight' using your mouse or keyboard. Each level introduces new mechanics, so pay attention to hints and experiment with interactions to uncover hidden layers of the game."
Space Cruise,"Step into the world of 'Space Cruise', where genre boundaries blur and gameplay surprises.","Space Cruise delivers a one-of-a-kind browser experience, combining unexpected mechanics, striking visuals, and clever design choices. Each session offers a new twist, keeping players curious and engaged from the first click to the final challenge.",https://aibuiltgames.com/images/space-cruise.png,c9456de6-123b-4099-a528-2b101e39f434,Simulation,Simulation,Calude 3.5,FALSE,Space Cruise - 3D Space Game,,https://x.com/aditya_T007,"Play 'Space Cruise' using your mouse or keyboard. Each level introduces new mechanics, so pay attention to hints and experiment with interactions to uncover hidden layers of the game."
Race Viberz,"Step into the world of 'Race Viberz', where genre boundaries blur and gameplay surprises.","Race Viberz delivers a one-of-a-kind browser experience, combining unexpected mechanics, striking visuals, and clever design choices. Each session offers a new twist, keeping players curious and engaged from the first click to the final challenge.",https://aibuiltgames.com/images/race-viberz.png,c9456de6-123b-4099-a528-2b101e39f434,Racing,Racing,Calude 3.5,FALSE,Race Viberz,,https://x.com/LoukilAymen,"Play 'Race Viberz' using your mouse or keyboard. Each level introduces new mechanics, so pay attention to hints and experiment with interactions to uncover hidden layers of the game."
DuskRealm,"Step into the world of 'DuskRealm', where genre boundaries blur and gameplay surprises.","DuskRealm delivers a one-of-a-kind browser experience, combining unexpected mechanics, striking visuals, and clever design choices. Each session offers a new twist, keeping players curious and engaged from the first click to the final challenge.",https://aibuiltgames.com/images/duskrealm.png,c9456de6-123b-4099-a528-2b101e39f434,Arcade,Arcade,Calude 3.5,FALSE,DuskRealm,,https://x.com/Igrodev,"Play 'DuskRealm' using your mouse or keyboard. Each level introduces new mechanics, so pay attention to hints and experiment with interactions to uncover hidden layers of the game."
Gladiator Arena,"Step into the world of 'Gladiator Arena', where genre boundaries blur and gameplay surprises.","Gladiator Arena delivers a one-of-a-kind browser experience, combining unexpected mechanics, striking visuals, and clever design choices. Each session offers a new twist, keeping players curious and engaged from the first click to the final challenge.",https://aibuiltgames.com/images/gladiator-arena.png,c9456de6-123b-4099-a528-2b101e39f434,Fighting,Fighting,Calude 3.5,FALSE,Arena Gladiator Game,,https://x.com/rfitzpatrick_io,"Play 'Gladiator Arena' using your mouse or keyboard. Each level introduces new mechanics, so pay attention to hints and experiment with interactions to uncover hidden layers of the game."
Sima Flight Combat,"Step into the world of 'Sima Flight Combat', where genre boundaries blur and gameplay surprises.","Sima Flight Combat delivers a one-of-a-kind browser experience, combining unexpected mechanics, striking visuals, and clever design choices. Each session offers a new twist, keeping players curious and engaged from the first click to the final challenge.",https://aibuiltgames.com/images/sima-flight-combat.png,c9456de6-123b-4099-a528-2b101e39f434,Fighting,Fighting,Calude 3.5,FALSE,Flight Simulator,,https://x.com/sima.dev,"Play 'Sima Flight Combat' using your mouse or keyboard. Each level introduces new mechanics, so pay attention to hints and experiment with interactions to uncover hidden layers of the game."
ShooterWorldAI,"Step into the world of 'ShooterWorldAI', where genre boundaries blur and gameplay surprises.","ShooterWorldAI delivers a one-of-a-kind browser experience, combining unexpected mechanics, striking visuals, and clever design choices. Each session offers a new twist, keeping players curious and engaged from the first click to the final challenge.",https://aibuiltgames.com/images/shooter.png,c9456de6-123b-4099-a528-2b101e39f434,Shooter,Shooter,Calude 3.5,FALSE,ShooterWorldAi.com - Multiplayer FPS Game,,https://x.com/feineCapital,"Play 'ShooterWorldAI' using your mouse or keyboard. Each level introduces new mechanics, so pay attention to hints and experiment with interactions to uncover hidden layers of the game."
Vibe Sail,"Step into the world of 'Vibe Sail', where genre boundaries blur and gameplay surprises.","Vibe Sail delivers a one-of-a-kind browser experience, combining unexpected mechanics, striking visuals, and clever design choices. Each session offers a new twist, keeping players curious and engaged from the first click to the final challenge.",https://aibuiltgames.com/images/sail-the-world.png,c9456de6-123b-4099-a528-2b101e39f434,Simulation,Simulation,Calude 3.5,FALSE,VibeSail - Relaxing Online 3D Sailing Simulator,,https://x.com/nicolamanzini,"Play 'Vibe Sail' using your mouse or keyboard. Each level introduces new mechanics, so pay attention to hints and experiment with interactions to uncover hidden layers of the game."
Classic Pong Game,"Step into the world of 'Classic Pong Game', where genre boundaries blur and gameplay surprises.","Classic Pong Game delivers a one-of-a-kind browser experience, combining unexpected mechanics, striking visuals, and clever design choices. Each session offers a new twist, keeping players curious and engaged from the first click to the final challenge.",https://aibuiltgames.com/images/classic-pong-game.png,c9456de6-123b-4099-a528-2b101e39f434,Arcade,Arcade,Calude 3.5,FALSE,Classic Pong Game,,https://x.com/vibecoding_,"Play 'Classic Pong Game' using your mouse or keyboard. Each level introduces new mechanics, so pay attention to hints and experiment with interactions to uncover hidden layers of the game."
3D Tetris,"Step into the world of '3D Tetris', where genre boundaries blur and gameplay surprises.","3D Tetris delivers a one-of-a-kind browser experience, combining unexpected mechanics, striking visuals, and clever design choices. Each session offers a new twist, keeping players curious and engaged from the first click to the final challenge.",https://aibuiltgames.com/images/tetris.png,c9456de6-123b-4099-a528-2b101e39f434,Arcade,Arcade,Calude 3.5,FALSE,3D Tetris Platforms,,https://x.com/RealFredericVC,"Play '3D Tetris' using your mouse or keyboard. Each level introduces new mechanics, so pay attention to hints and experiment with interactions to uncover hidden layers of the game."
VybeNomad,"Step into the world of 'VybeNomad', where genre boundaries blur and gameplay surprises.","VybeNomad delivers a one-of-a-kind browser experience, combining unexpected mechanics, striking visuals, and clever design choices. Each session offers a new twist, keeping players curious and engaged from the first click to the final challenge.",https://aibuiltgames.com/images/vybe-nomad.png,c9456de6-123b-4099-a528-2b101e39f434,Arcade,Arcade,Calude 3.5,FALSE,VybeNomad - Digital Nomad Simulator,,https://x.com/AlbertSimonDev,"Play 'VybeNomad' using your mouse or keyboard. Each level introduces new mechanics, so pay attention to hints and experiment with interactions to uncover hidden layers of the game."
Dyson Defender,"Step into the world of 'Dyson Defender', where genre boundaries blur and gameplay surprises.","Dyson Defender delivers a one-of-a-kind browser experience, combining unexpected mechanics, striking visuals, and clever design choices. Each session offers a new twist, keeping players curious and engaged from the first click to the final challenge.",https://aibuiltgames.com/images/dyson-defender.png,c9456de6-123b-4099-a528-2b101e39f434,Shooter,Shooter,Calude 3.5,FALSE,Dyson Sphere Defender,,https://x.com/hankfalltrades,"Play 'Dyson Defender' using your mouse or keyboard. Each level introduces new mechanics, so pay attention to hints and experiment with interactions to uncover hidden layers of the game."
Suika Game,"Step into the world of 'Suika Game', where genre boundaries blur and gameplay surprises.","Suika Game delivers a one-of-a-kind browser experience, combining unexpected mechanics, striking visuals, and clever design choices. Each session offers a new twist, keeping players curious and engaged from the first click to the final challenge.",https://aibuiltgames.com/images/suika-game.png,c9456de6-123b-4099-a528-2b101e39f434,Puzzle,Puzzle,Calude 3.5,FALSE,Suika Game - Play the Addictive Fruit Merging Puzzle Online,,https://x.com/andrwhcom,"Play 'Suika Game' using your mouse or keyboard. Each level introduces new mechanics, so pay attention to hints and experiment with interactions to uncover hidden layers of the game."
Planetary,"Step into the world of 'Planetary', where genre boundaries blur and gameplay surprises.","Planetary delivers a one-of-a-kind browser experience, combining unexpected mechanics, striking visuals, and clever design choices. Each session offers a new twist, keeping players curious and engaged from the first click to the final challenge.",https://aibuiltgames.com/images/planetary.png,c9456de6-123b-4099-a528-2b101e39f434,Simulation,Simulation,Calude 3.5,FALSE,PLANETARY,,https://x.com/jbelevate,"Play 'Planetary' using your mouse or keyboard. Each level introduces new mechanics, so pay attention to hints and experiment with interactions to uncover hidden layers of the game."
Knightmares,"Step into the world of 'Knightmares', where genre boundaries blur and gameplay surprises.","Knightmares delivers a one-of-a-kind browser experience, combining unexpected mechanics, striking visuals, and clever design choices. Each session offers a new twist, keeping players curious and engaged from the first click to the final challenge.",https://aibuiltgames.com/images/knightmares.png,c9456de6-123b-4099-a528-2b101e39f434,Arcade,Arcade,Calude 3.5,FALSE,Knightmares - Roguelite Horror,,https://x.com/Egzothicki,"Play 'Knightmares' using your mouse or keyboard. Each level introduces new mechanics, so pay attention to hints and experiment with interactions to uncover hidden layers of the game."
Fruit of the Boom,"Step into the world of 'Fruit of the Boom', where genre boundaries blur and gameplay surprises.","Fruit of the Boom delivers a one-of-a-kind browser experience, combining unexpected mechanics, striking visuals, and clever design choices. Each session offers a new twist, keeping players curious and engaged from the first click to the final challenge.",https://aibuiltgames.com/images/fruit-of-the-boom.png,c9456de6-123b-4099-a528-2b101e39f434,Puzzle,Puzzle,Calude 3.5,FALSE,Fruit of the Boom,,https://x.com/isaactdozier,"Play 'Fruit of the Boom' using your mouse or keyboard. Each level introduces new mechanics, so pay attention to hints and experiment with interactions to uncover hidden layers of the game."
Spell Royale,"Step into the world of 'Spell Royale', where genre boundaries blur and gameplay surprises.","Spell Royale delivers a one-of-a-kind browser experience, combining unexpected mechanics, striking visuals, and clever design choices. Each session offers a new twist, keeping players curious and engaged from the first click to the final challenge.",https://aibuiltgames.com/images/spell-royale.png,c9456de6-123b-4099-a528-2b101e39f434,Puzzle,Puzzle,Calude 3.5,FALSE,Spell Royale,,https://x.com/dougkinnison,"Play 'Spell Royale' using your mouse or keyboard. Each level introduces new mechanics, so pay attention to hints and experiment with interactions to uncover hidden layers of the game."
Falling Bubbles,"Step into the world of 'Falling Bubbles', where genre boundaries blur and gameplay surprises.","Falling Bubbles delivers a one-of-a-kind browser experience, combining unexpected mechanics, striking visuals, and clever design choices. Each session offers a new twist, keeping players curious and engaged from the first click to the final challenge.",https://aibuiltgames.com/images/falling-bubbles.png,c9456de6-123b-4099-a528-2b101e39f434,Arcade,Arcade,Calude 3.5,FALSE,Falling Bubbles,,https://x.com/sagarsaija,"Play 'Falling Bubbles' using your mouse or keyboard. Each level introduces new mechanics, so pay attention to hints and experiment with interactions to uncover hidden layers of the game."
Typenoon,"Step into the world of 'Typenoon', where genre boundaries blur and gameplay surprises.","Typenoon delivers a one-of-a-kind browser experience, combining unexpected mechanics, striking visuals, and clever design choices. Each session offers a new twist, keeping players curious and engaged from the first click to the final challenge.",https://aibuiltgames.com/images/typenoon.png,c9456de6-123b-4099-a528-2b101e39f434,Arcade,Arcade,Calude 3.5,FALSE,?? Typenoon,,https://x.com/nvmeeet,"Play 'Typenoon' using your mouse or keyboard. Each level introduces new mechanics, so pay attention to hints and experiment with interactions to uncover hidden layers of the game."
Aetherialdream,"Step into the world of 'Aetherialdream', where genre boundaries blur and gameplay surprises.","Aetherialdream delivers a one-of-a-kind browser experience, combining unexpected mechanics, striking visuals, and clever design choices. Each session offers a new twist, keeping players curious and engaged from the first click to the final challenge.",https://aibuiltgames.com/images/aetherialdream.png,c9456de6-123b-4099-a528-2b101e39f434,Arcade,Arcade,Calude 3.5,FALSE,Aetherial - Dream Journal,,https://x.com/Kaberikram,"Play 'Aetherialdream' using your mouse or keyboard. Each level introduces new mechanics, so pay attention to hints and experiment with interactions to uncover hidden layers of the game."
Rock Water Skipping,"Step into the world of 'Rock Water Skipping', where genre boundaries blur and gameplay surprises.","Rock Water Skipping delivers a one-of-a-kind browser experience, combining unexpected mechanics, striking visuals, and clever design choices. Each session offers a new twist, keeping players curious and engaged from the first click to the final challenge.",https://aibuiltgames.com/images/rock-water-skipping.png,c9456de6-123b-4099-a528-2b101e39f434,Arcade,Arcade,Calude 3.5,FALSE,"Rock, Water, Skipping - Game",,https://x.com/Stianwalgermo,"Play 'Rock Water Skipping' using your mouse or keyboard. Each level introduces new mechanics, so pay attention to hints and experiment with interactions to uncover hidden layers of the game."
Ad Simulator,"Step into the world of 'Ad Simulator', where genre boundaries blur and gameplay surprises.","Ad Simulator delivers a one-of-a-kind browser experience, combining unexpected mechanics, striking visuals, and clever design choices. Each session offers a new twist, keeping players curious and engaged from the first click to the final challenge.",https://aibuiltgames.com/images/ad-simulator.png,c9456de6-123b-4099-a528-2b101e39f434,Simulation,Simulation,Calude 3.5,FALSE,AD SIMULATOR - A Battlefield Full of Ads,,https://x.com/iagolast,"Play 'Ad Simulator' using your mouse or keyboard. Each level introduces new mechanics, so pay attention to hints and experiment with interactions to uncover hidden layers of the game."
PingPongAI,"Step into the world of 'PingPongAI', where genre boundaries blur and gameplay surprises.","PingPongAI delivers a one-of-a-kind browser experience, combining unexpected mechanics, striking visuals, and clever design choices. Each session offers a new twist, keeping players curious and engaged from the first click to the final challenge.",https://aibuiltgames.com/images/pingpong.png,c9456de6-123b-4099-a528-2b101e39f434,Arcade,Arcade,Calude 3.5,FALSE,Ping Pong Game,,https://x.com/NaimeBhuiyan,"Play 'PingPongAI' using your mouse or keyboard. Each level introduces new mechanics, so pay attention to hints and experiment with interactions to uncover hidden layers of the game."
Pork Droid,"Step into the world of 'Pork Droid', where genre boundaries blur and gameplay surprises.","Pork Droid delivers a one-of-a-kind browser experience, combining unexpected mechanics, striking visuals, and clever design choices. Each session offers a new twist, keeping players curious and engaged from the first click to the final challenge.",https://aibuiltgames.com/images/pork-droid.png,c9456de6-123b-4099-a528-2b101e39f434,Arcade,Arcade,Calude 3.5,FALSE,Pork Droid,,https://x.com/reignboat,"Play 'Pork Droid' using your mouse or keyboard. Each level introduces new mechanics, so pay attention to hints and experiment with interactions to uncover hidden layers of the game."
Natural Fawn Killers,"Step into the world of 'Natural Fawn Killers', where genre boundaries blur and gameplay surprises.","Natural Fawn Killers delivers a one-of-a-kind browser experience, combining unexpected mechanics, striking visuals, and clever design choices. Each session offers a new twist, keeping players curious and engaged from the first click to the final challenge.",https://aibuiltgames.com/images/natural-fawn-killers.png,c9456de6-123b-4099-a528-2b101e39f434,Shooter,Shooter,Calude 3.5,FALSE,Three.js FPS Game,,https://x.com/marckohlbrugge,"Play 'Natural Fawn Killers' using your mouse or keyboard. Each level introduces new mechanics, so pay attention to hints and experiment with interactions to uncover hidden layers of the game."
TideFall,"Step into the world of 'TideFall', where genre boundaries blur and gameplay surprises.","TideFall delivers a one-of-a-kind browser experience, combining unexpected mechanics, striking visuals, and clever design choices. Each session offers a new twist, keeping players curious and engaged from the first click to the final challenge.",https://aibuiltgames.com/images/tidefall.png,c9456de6-123b-4099-a528-2b101e39f434,Adventure,Adventure,Calude 3.5,FALSE,tidefall.io,,https://x.com/dyoburon,"Play 'TideFall' using your mouse or keyboard. Each level introduces new mechanics, so pay attention to hints and experiment with interactions to uncover hidden layers of the game."
Tanks AI,"Step into the world of 'Tanks AI', where genre boundaries blur and gameplay surprises.","Tanks AI delivers a one-of-a-kind browser experience, combining unexpected mechanics, striking visuals, and clever design choices. Each session offers a new twist, keeping players curious and engaged from the first click to the final challenge.",https://aibuiltgames.com/images/tank.png,c9456de6-123b-4099-a528-2b101e39f434,Action,Action,Calude 3.5,FALSE,TANKS AI,,https://x.com/d4m1n,"Play 'Tanks AI' using your mouse or keyboard. Each level introduces new mechanics, so pay attention to hints and experiment with interactions to uncover hidden layers of the game."
Breaking Balls,"Step into the world of 'Breaking Balls', where genre boundaries blur and gameplay surprises.","Breaking Balls delivers a one-of-a-kind browser experience, combining unexpected mechanics, striking visuals, and clever design choices. Each session offers a new twist, keeping players curious and engaged from the first click to the final challenge.",https://aibuiltgames.com/images/breaking-balls.png,c9456de6-123b-4099-a528-2b101e39f434,Arcade,Arcade,Calude 3.5,FALSE,make real ï tldraw,,https://x.com/adityakabra,"Play 'Breaking Balls' using your mouse or keyboard. Each level introduces new mechanics, so pay attention to hints and experiment with interactions to uncover hidden layers of the game."
Space Combat,"Step into the world of 'Space Combat', where genre boundaries blur and gameplay surprises.","Space Combat delivers a one-of-a-kind browser experience, combining unexpected mechanics, striking visuals, and clever design choices. Each session offers a new twist, keeping players curious and engaged from the first click to the final challenge.",https://aibuiltgames.com/images/space-combat.png,c9456de6-123b-4099-a528-2b101e39f434,Simulation,Simulation,Calude 3.5,FALSE,spacefightergame.com,,https://x.com/jogicodes,"Play 'Space Combat' using your mouse or keyboard. Each level introduces new mechanics, so pay attention to hints and experiment with interactions to uncover hidden layers of the game."
Combat Mission,"Step into the world of 'Combat Mission', where genre boundaries blur and gameplay surprises.","Combat Mission delivers a one-of-a-kind browser experience, combining unexpected mechanics, striking visuals, and clever design choices. Each session offers a new twist, keeping players curious and engaged from the first click to the final challenge.",https://aibuiltgames.com/images/combat-mission.png,c9456de6-123b-4099-a528-2b101e39f434,Shooter,Shooter,Calude 3.5,FALSE,FPS Game,,https://x.com/reaganmaconi,"Play 'Combat Mission' using your mouse or keyboard. Each level introduces new mechanics, so pay attention to hints and experiment with interactions to uncover hidden layers of the game."
Enhanced Tank Battle Game,"Step into the world of 'Enhanced Tank Battle Game', where genre boundaries blur and gameplay surprises.","Enhanced Tank Battle Game delivers a one-of-a-kind browser experience, combining unexpected mechanics, striking visuals, and clever design choices. Each session offers a new twist, keeping players curious and engaged from the first click to the final challenge.",https://aibuiltgames.com/images/enhanced-tank-battle.png,c9456de6-123b-4099-a528-2b101e39f434,Action,Action,Calude 3.5,FALSE,Enhanced Tank Battle Game,,https://x.com/cemilsvm,"Play 'Enhanced Tank Battle Game' using your mouse or keyboard. Each level introduces new mechanics, so pay attention to hints and experiment with interactions to uncover hidden layers of the game."
Poly Rush,"Step into the world of 'Poly Rush', where genre boundaries blur and gameplay surprises.","Poly Rush delivers a one-of-a-kind browser experience, combining unexpected mechanics, striking visuals, and clever design choices. Each session offers a new twist, keeping players curious and engaged from the first click to the final challenge.",https://aibuiltgames.com/images/poly-rush.png,c9456de6-123b-4099-a528-2b101e39f434,Arcade,Arcade,Calude 3.5,FALSE,Poly Rush Game,,https://x.com/lautodonna,"Play 'Poly Rush' using your mouse or keyboard. Each level introduces new mechanics, so pay attention to hints and experiment with interactions to uncover hidden layers of the game."
Where's Pieter,"Step into the world of 'Where's Pieter', where genre boundaries blur and gameplay surprises.","Where's Pieter delivers a one-of-a-kind browser experience, combining unexpected mechanics, striking visuals, and clever design choices. Each session offers a new twist, keeping players curious and engaged from the first click to the final challenge.",https://aibuiltgames.com/images/wheres-pieter.png,c9456de6-123b-4099-a528-2b101e39f434,Puzzle,Puzzle,Calude 3.5,FALSE,Where's Pieter Game,,https://x.com/stvngunn,"Play 'Where's Pieter' using your mouse or keyboard. Each level introduces new mechanics, so pay attention to hints and experiment with interactions to uncover hidden layers of the game."
Society Fail,"Step into the world of 'Society Fail', where genre boundaries blur and gameplay surprises.","Society Fail delivers a one-of-a-kind browser experience, combining unexpected mechanics, striking visuals, and clever design choices. Each session offers a new twist, keeping players curious and engaged from the first click to the final challenge.",https://aibuiltgames.com/images/society.png,c9456de6-123b-4099-a528-2b101e39f434,Strategy,Strategy,Calude 3.5,FALSE,Society Fail,,https://x.com/Shpigford,"Play 'Society Fail' using your mouse or keyboard. Each level introduces new mechanics, so pay attention to hints and experiment with interactions to uncover hidden layers of the game."
Flappi Bird,"Step into the world of 'Flappi Bird', where genre boundaries blur and gameplay surprises.","Flappi Bird delivers a one-of-a-kind browser experience, combining unexpected mechanics, striking visuals, and clever design choices. Each session offers a new twist, keeping players curious and engaged from the first click to the final challenge.",https://aibuiltgames.com/images/flappi-bird.png,c9456de6-123b-4099-a528-2b101e39f434,Action,Action,Calude 3.5,FALSE,AAA Flappy Bird Clone with Fallbacks,,https://x.com/joshuajohnsonAI,"Play 'Flappi Bird' using your mouse or keyboard. Each level introduces new mechanics, so pay attention to hints and experiment with interactions to uncover hidden layers of the game."
AI No Suika,"Step into the world of 'AI No Suika', where genre boundaries blur and gameplay surprises.","AI No Suika delivers a one-of-a-kind browser experience, combining unexpected mechanics, striking visuals, and clever design choices. Each session offers a new twist, keeping players curious and engaged from the first click to the final challenge.",https://aibuiltgames.com/images/ai-no-suika.png,c9456de6-123b-4099-a528-2b101e39f434,Arcade,Arcade,Calude 3.5,FALSE,Ai-No-Suika Game,,https://x.com/NuclearViber,"Play 'AI No Suika' using your mouse or keyboard. Each level introduces new mechanics, so pay attention to hints and experiment with interactions to uncover hidden layers of the game."
3D Car Driving Simulator,"Step into the world of '3D Car Driving Simulator', where genre boundaries blur and gameplay surprises.","3D Car Driving Simulator delivers a one-of-a-kind browser experience, combining unexpected mechanics, striking visuals, and clever design choices. Each session offers a new twist, keeping players curious and engaged from the first click to the final challenge.",https://aibuiltgames.com/images/3d-car-driving-simulator.jpg,c9456de6-123b-4099-a528-2b101e39f434,Simulation,Simulation,Calude 3.5,FALSE,3D Car Driving Simulation,,https://x.com/ozgrozer,"Play '3D Car Driving Simulator' using your mouse or keyboard. Each level introduces new mechanics, so pay attention to hints and experiment with interactions to uncover hidden layers of the game."
Mow Your Mind,"Step into the world of 'Mow Your Mind', where genre boundaries blur and gameplay surprises.","Mow Your Mind delivers a one-of-a-kind browser experience, combining unexpected mechanics, striking visuals, and clever design choices. Each session offers a new twist, keeping players curious and engaged from the first click to the final challenge.",https://aibuiltgames.com/images/mow-your-mind.png,c9456de6-123b-4099-a528-2b101e39f434,Simulation,Simulation,Calude 3.5,FALSE,Mow Your Mind - A 3D lawn mowing game,,https://x.com/rouuuge,"Play 'Mow Your Mind' using your mouse or keyboard. Each level introduces new mechanics, so pay attention to hints and experiment with interactions to uncover hidden layers of the game."
Beat Me,"Step into the world of 'Beat Me', where genre boundaries blur and gameplay surprises.","Beat Me delivers a one-of-a-kind browser experience, combining unexpected mechanics, striking visuals, and clever design choices. Each session offers a new twist, keeping players curious and engaged from the first click to the final challenge.",https://aibuiltgames.com/images/beat-me.png,c9456de6-123b-4099-a528-2b101e39f434,Fighting,Fighting,Calude 3.5,FALSE,BEAT ME - COME BEAT ME,,https://x.com/Nokolig,"Play 'Beat Me' using your mouse or keyboard. Each level introduces new mechanics, so pay attention to hints and experiment with interactions to uncover hidden layers of the game."
VibeBattles,"Step into the world of 'VibeBattles', where genre boundaries blur and gameplay surprises.","VibeBattles delivers a one-of-a-kind browser experience, combining unexpected mechanics, striking visuals, and clever design choices. Each session offers a new twist, keeping players curious and engaged from the first click to the final challenge.",https://aibuiltgames.com/images/vibebattles.png,c9456de6-123b-4099-a528-2b101e39f434,Fighting,Fighting,Calude 3.5,FALSE,Battle Royale,,https://x.com/philipprufi,"Play 'VibeBattles' using your mouse or keyboard. Each level introduces new mechanics, so pay attention to hints and experiment with interactions to uncover hidden layers of the game."
Island Adventure,"Step into the world of 'Island Adventure', where genre boundaries blur and gameplay surprises.","Island Adventure delivers a one-of-a-kind browser experience, combining unexpected mechanics, striking visuals, and clever design choices. Each session offers a new twist, keeping players curious and engaged from the first click to the final challenge.",https://aibuiltgames.com/images/island.png,c9456de6-123b-4099-a528-2b101e39f434,Survival,Survival,Calude 3.5,FALSE,Island Adventure,,https://x.com/jasperdeboer,"Play 'Island Adventure' using your mouse or keyboard. Each level introduces new mechanics, so pay attention to hints and experiment with interactions to uncover hidden layers of the game."
Word God,"Step into the world of 'Word God', where genre boundaries blur and gameplay surprises.","Word God delivers a one-of-a-kind browser experience, combining unexpected mechanics, striking visuals, and clever design choices. Each session offers a new twist, keeping players curious and engaged from the first click to the final challenge.",https://aibuiltgames.com/images/word-god.png,c9456de6-123b-4099-a528-2b101e39f434,Educational,Educational,Calude 3.5,FALSE,Word God: From Void to Universe | Word-Based Mindfulness Game,,https://x.com/edwinhayward,"Play 'Word God' using your mouse or keyboard. Each level introduces new mechanics, so pay attention to hints and experiment with interactions to uncover hidden layers of the game."
Stellar Drift,"Step into the world of 'Stellar Drift', where genre boundaries blur and gameplay surprises.","Stellar Drift delivers a one-of-a-kind browser experience, combining unexpected mechanics, striking visuals, and clever design choices. Each session offers a new twist, keeping players curious and engaged from the first click to the final challenge.",https://aibuiltgames.com/images/stellar.png,c9456de6-123b-4099-a528-2b101e39f434,Simulation,Simulation,Calude 3.5,FALSE,Stellar Drift,,https://x.com/A5omic,"Play 'Stellar Drift' using your mouse or keyboard. Each level introduces new mechanics, so pay attention to hints and experiment with interactions to uncover hidden layers of the game."
Super Jumper,"Step into the world of 'Super Jumper', where genre boundaries blur and gameplay surprises.","Super Jumper delivers a one-of-a-kind browser experience, combining unexpected mechanics, striking visuals, and clever design choices. Each session offers a new twist, keeping players curious and engaged from the first click to the final challenge.",https://aibuiltgames.com/images/super-jumper.png,c9456de6-123b-4099-a528-2b101e39f434,Arcade,Arcade,Calude 3.5,FALSE,Super Jumper - Platform Game,,https://x.com/nishant_ty,"Play 'Super Jumper' using your mouse or keyboard. Each level introduces new mechanics, so pay attention to hints and experiment with interactions to uncover hidden layers of the game."
Wildy Royale,"Step into the world of 'Wildy Royale', where genre boundaries blur and gameplay surprises.","Wildy Royale delivers a one-of-a-kind browser experience, combining unexpected mechanics, striking visuals, and clever design choices. Each session offers a new twist, keeping players curious and engaged from the first click to the final challenge.",https://aibuiltgames.com/images/wildy-royale.png,c9456de6-123b-4099-a528-2b101e39f434,Survival,Survival,Calude 3.5,FALSE,Wildy Royale,,https://x.com/nathansrobinson,"Play 'Wildy Royale' using your mouse or keyboard. Each level introduces new mechanics, so pay attention to hints and experiment with interactions to uncover hidden layers of the game."
Vibe Cart,"Step into the world of 'Vibe Cart', where genre boundaries blur and gameplay surprises.","Vibe Cart delivers a one-of-a-kind browser experience, combining unexpected mechanics, striking visuals, and clever design choices. Each session offers a new twist, keeping players curious and engaged from the first click to the final challenge.",https://aibuiltgames.com/images/vibe-cart.png,c9456de6-123b-4099-a528-2b101e39f434,Racing,Racing,Calude 3.5,FALSE,Racing Cart,,https://x.com/pat_codes,"Play 'Vibe Cart' using your mouse or keyboard. Each level introduces new mechanics, so pay attention to hints and experiment with interactions to uncover hidden layers of the game."
Horse Racing Game,"Step into the world of 'Horse Racing Game', where genre boundaries blur and gameplay surprises.","Horse Racing Game delivers a one-of-a-kind browser experience, combining unexpected mechanics, striking visuals, and clever design choices. Each session offers a new twist, keeping players curious and engaged from the first click to the final challenge.",https://aibuiltgames.com/images/horse-racing-game.png,c9456de6-123b-4099-a528-2b101e39f434,Racing,Racing,Calude 3.5,FALSE,Horse Racing Betting Game,,https://x.com/jtm8683,"Play 'Horse Racing Game' using your mouse or keyboard. Each level introduces new mechanics, so pay attention to hints and experiment with interactions to uncover hidden layers of the game."
Space Defenders,"Step into the world of 'Space Defenders', where genre boundaries blur and gameplay surprises.","Space Defenders delivers a one-of-a-kind browser experience, combining unexpected mechanics, striking visuals, and clever design choices. Each session offers a new twist, keeping players curious and engaged from the first click to the final challenge.",https://aibuiltgames.com/images/space.png,c9456de6-123b-4099-a528-2b101e39f434,Arcade,Arcade,Calude 3.5,FALSE,Space Defenders - Single Player,,https://x.com/jasonleowsg,"Play 'Space Defenders' using your mouse or keyboard. Each level introduces new mechanics, so pay attention to hints and experiment with interactions to uncover hidden layers of the game."
Block World Multiplayer,"Step into the world of 'Block World Multiplayer', where genre boundaries blur and gameplay surprises.","Block World Multiplayer delivers a one-of-a-kind browser experience, combining unexpected mechanics, striking visuals, and clever design choices. Each session offers a new twist, keeping players curious and engaged from the first click to the final challenge.",https://aibuiltgames.com/images/blockworld.png,c9456de6-123b-4099-a528-2b101e39f434,Simulation,Simulation,Calude 3.5,FALSE,Block World Multiplayer,,https://x.com/StrawberrySith,"Play 'Block World Multiplayer' using your mouse or keyboard. Each level introduces new mechanics, so pay attention to hints and experiment with interactions to uncover hidden layers of the game."
Emoji Sim,"Step into the world of 'Emoji Sim', where genre boundaries blur and gameplay surprises.","Emoji Sim delivers a one-of-a-kind browser experience, combining unexpected mechanics, striking visuals, and clever design choices. Each session offers a new twist, keeping players curious and engaged from the first click to the final challenge.",https://aibuiltgames.com/images/emojisim.png,c9456de6-123b-4099-a528-2b101e39f434,Simulation,Simulation,Calude 3.5,FALSE,Emoji Sim,,https://x.com/benwmaddox,"Play 'Emoji Sim' using your mouse or keyboard. Each level introduces new mechanics, so pay attention to hints and experiment with interactions to uncover hidden layers of the game."
Push the Box,"Step into the world of 'Push the Box', where genre boundaries blur and gameplay surprises.","Push the Box delivers a one-of-a-kind browser experience, combining unexpected mechanics, striking visuals, and clever design choices. Each session offers a new twist, keeping players curious and engaged from the first click to the final challenge.",https://aibuiltgames.com/images/push-the-box.png,c9456de6-123b-4099-a528-2b101e39f434,Puzzle,Puzzle,Calude 3.5,FALSE,3D Box Game,,https://x.com/xiaochi2,"Play 'Push the Box' using your mouse or keyboard. Each level introduces new mechanics, so pay attention to hints and experiment with interactions to uncover hidden layers of the game."
Light Cycle,"Step into the world of 'Light Cycle', where genre boundaries blur and gameplay surprises.","Light Cycle delivers a one-of-a-kind browser experience, combining unexpected mechanics, striking visuals, and clever design choices. Each session offers a new twist, keeping players curious and engaged from the first click to the final challenge.",https://aibuiltgames.com/images/light-cycle.png,c9456de6-123b-4099-a528-2b101e39f434,Arcade,Arcade,Calude 3.5,FALSE,Light Cycle,,https://x.com/NimbusLabz,"Play 'Light Cycle' using your mouse or keyboard. Each level introduces new mechanics, so pay attention to hints and experiment with interactions to uncover hidden layers of the game."
NS-SHAFT99,"Step into the world of 'NS-SHAFT99', where genre boundaries blur and gameplay surprises.","NS-SHAFT99 delivers a one-of-a-kind browser experience, combining unexpected mechanics, striking visuals, and clever design choices. Each session offers a new twist, keeping players curious and engaged from the first click to the final challenge.",https://aibuiltgames.com/images/ns-shaft99.png,c9456de6-123b-4099-a528-2b101e39f434,Survival,Survival,Calude 3.5,FALSE,NS-SHAFT 99 - Arcade Platformer Game,,https://x.com/teslaretire,"Play 'NS-SHAFT99' using your mouse or keyboard. Each level introduces new mechanics, so pay attention to hints and experiment with interactions to uncover hidden layers of the game."
Match3D,"Step into the world of 'Match3D', where genre boundaries blur and gameplay surprises.","Match3D delivers a one-of-a-kind browser experience, combining unexpected mechanics, striking visuals, and clever design choices. Each session offers a new twist, keeping players curious and engaged from the first click to the final challenge.",https://aibuiltgames.com/images/match3d.png,c9456de6-123b-4099-a528-2b101e39f434,Puzzle,Puzzle,Calude 3.5,FALSE,3D Match-3 Game,,https://x.com/ANDRES381656992,"Play 'Match3D' using your mouse or keyboard. Each level introduces new mechanics, so pay attention to hints and experiment with interactions to uncover hidden layers of the game."
Swarm Vibe,"Step into the world of 'Swarm Vibe', where genre boundaries blur and gameplay surprises.","Swarm Vibe delivers a one-of-a-kind browser experience, combining unexpected mechanics, striking visuals, and clever design choices. Each session offers a new twist, keeping players curious and engaged from the first click to the final challenge.",https://aibuiltgames.com/images/swarm-vibe.png,c9456de6-123b-4099-a528-2b101e39f434,Simulation,Simulation,Calude 3.5,FALSE,Swarm Vibe - Open World Bee Survival Game,,https://x.com/SeloSlav,"Play 'Swarm Vibe' using your mouse or keyboard. Each level introduces new mechanics, so pay attention to hints and experiment with interactions to uncover hidden layers of the game."
ClaudeSpace,"Step into the world of 'ClaudeSpace', where genre boundaries blur and gameplay surprises.","ClaudeSpace delivers a one-of-a-kind browser experience, combining unexpected mechanics, striking visuals, and clever design choices. Each session offers a new twist, keeping players curious and engaged from the first click to the final challenge.",https://aibuiltgames.com/images/claudespace.png,c9456de6-123b-4099-a528-2b101e39f434,Shooter,Shooter,Calude 3.5,FALSE,ClaudeSpace,,https://x.com/Oho_name,"Play 'ClaudeSpace' using your mouse or keyboard. Each level introduces new mechanics, so pay attention to hints and experiment with interactions to uncover hidden layers of the game."
Santa's Letter Quest,"Step into the world of 'Santa's Letter Quest', where genre boundaries blur and gameplay surprises.","Santa's Letter Quest delivers a one-of-a-kind browser experience, combining unexpected mechanics, striking visuals, and clever design choices. Each session offers a new twist, keeping players curious and engaged from the first click to the final challenge.",https://aibuiltgames.com/images/santas-letter-quest.png,c9456de6-123b-4099-a528-2b101e39f434,Arcade,Arcade,Calude 3.5,FALSE,Santa's Letter Quest,,https://x.com/_ByteBender_,"Play 'Santa's Letter Quest' using your mouse or keyboard. Each level introduces new mechanics, so pay attention to hints and experiment with interactions to uncover hidden layers of the game."
Wildlife,"Step into the world of 'Wildlife', where genre boundaries blur and gameplay surprises.","Wildlife delivers a one-of-a-kind browser experience, combining unexpected mechanics, striking visuals, and clever design choices. Each session offers a new twist, keeping players curious and engaged from the first click to the final challenge.",https://aibuiltgames.com/images/wildlife.png,c9456de6-123b-4099-a528-2b101e39f434,Puzzle,Puzzle,Calude 3.5,FALSE,wildlife-game.netlify.app,,https://x.com/Aviad,"Play 'Wildlife' using your mouse or keyboard. Each level introduces new mechanics, so pay attention to hints and experiment with interactions to uncover hidden layers of the game."
VybeRace,"Step into the world of 'VybeRace', where genre boundaries blur and gameplay surprises.","VybeRace delivers a one-of-a-kind browser experience, combining unexpected mechanics, striking visuals, and clever design choices. Each session offers a new twist, keeping players curious and engaged from the first click to the final challenge.",https://aibuiltgames.com/images/vyberace.png,c9456de6-123b-4099-a528-2b101e39f434,Racing,Racing,Calude 3.5,FALSE,VybeRace,,https://x.com/AlbertSimonDev,"Play 'VybeRace' using your mouse or keyboard. Each level introduces new mechanics, so pay attention to hints and experiment with interactions to uncover hidden layers of the game."
Tanknarok,"Step into the world of 'Tanknarok', where genre boundaries blur and gameplay surprises.","Tanknarok delivers a one-of-a-kind browser experience, combining unexpected mechanics, striking visuals, and clever design choices. Each session offers a new twist, keeping players curious and engaged from the first click to the final challenge.",https://aibuiltgames.com/images/tanknarok.png,c9456de6-123b-4099-a528-2b101e39f434,Shooter,Shooter,Calude 3.5,FALSE,TankNarok.online - Multiplayer Tank Battle Game,,https://x.com/paulwes_pw,"Play 'Tanknarok' using your mouse or keyboard. Each level introduces new mechanics, so pay attention to hints and experiment with interactions to uncover hidden layers of the game."
Schermutseling,"Step into the world of 'Schermutseling', where genre boundaries blur and gameplay surprises.","Schermutseling delivers a one-of-a-kind browser experience, combining unexpected mechanics, striking visuals, and clever design choices. Each session offers a new twist, keeping players curious and engaged from the first click to the final challenge.",https://aibuiltgames.com/images/schermutseling.png,c9456de6-123b-4099-a528-2b101e39f434,Action,Action,Calude 3.5,FALSE,Schermutseling,,https://x.com/ttrussner,"Play 'Schermutseling' using your mouse or keyboard. Each level introduces new mechanics, so pay attention to hints and experiment with interactions to uncover hidden layers of the game."
Land the Booster V2,"Step into the world of 'Land the Booster V2', where genre boundaries blur and gameplay surprises.","Land the Booster V2 delivers a one-of-a-kind browser experience, combining unexpected mechanics, striking visuals, and clever design choices. Each session offers a new twist, keeping players curious and engaged from the first click to the final challenge.",https://aibuiltgames.com/images/land-the-booster-v2.png,c9456de6-123b-4099-a528-2b101e39f434,Simulation,Simulation,Calude 3.5,FALSE,Land the Booster! v2,,https://x.com/s13k_,"Play 'Land the Booster V2' using your mouse or keyboard. Each level introduces new mechanics, so pay attention to hints and experiment with interactions to uncover hidden layers of the game."
Shadow Agent,"Step into the world of 'Shadow Agent', where genre boundaries blur and gameplay surprises.","Shadow Agent delivers a one-of-a-kind browser experience, combining unexpected mechanics, striking visuals, and clever design choices. Each session offers a new twist, keeping players curious and engaged from the first click to the final challenge.",https://aibuiltgames.com/images/shadow-agent.png,c9456de6-123b-4099-a528-2b101e39f434,Shooter,Shooter,Calude 3.5,FALSE,Shadow Agent: Top-Down,,https://x.com/skifull579,"Play 'Shadow Agent' using your mouse or keyboard. Each level introduces new mechanics, so pay attention to hints and experiment with interactions to uncover hidden layers of the game."
Cybertruckism,"Step into the world of 'Cybertruckism', where genre boundaries blur and gameplay surprises.","Cybertruckism delivers a one-of-a-kind browser experience, combining unexpected mechanics, striking visuals, and clever design choices. Each session offers a new twist, keeping players curious and engaged from the first click to the final challenge.",https://aibuiltgames.com/images/cybertrucksim.png,c9456de6-123b-4099-a528-2b101e39f434,Racing,Racing,Calude 3.5,FALSE,Cybertrucksim.com,,https://x.com/Hi_Bennie,"Play 'Cybertruckism' using your mouse or keyboard. Each level introduces new mechanics, so pay attention to hints and experiment with interactions to uncover hidden layers of the game."
Be a Fish,"Step into the world of 'Be a Fish', where genre boundaries blur and gameplay surprises.","Be a Fish delivers a one-of-a-kind browser experience, combining unexpected mechanics, striking visuals, and clever design choices. Each session offers a new twist, keeping players curious and engaged from the first click to the final challenge.",https://aibuiltgames.com/images/beafish.png,c9456de6-123b-4099-a528-2b101e39f434,Arcade,Arcade,Calude 3.5,FALSE,Be a fish,,https://x.com/athcanft,"Play 'Be a Fish' using your mouse or keyboard. Each level introduces new mechanics, so pay attention to hints and experiment with interactions to uncover hidden layers of the game."
Car vs Monsters,"Step into the world of 'Car vs Monsters', where genre boundaries blur and gameplay surprises.","Car vs Monsters delivers a one-of-a-kind browser experience, combining unexpected mechanics, striking visuals, and clever design choices. Each session offers a new twist, keeping players curious and engaged from the first click to the final challenge.",https://aibuiltgames.com/images/cars.png,c9456de6-123b-4099-a528-2b101e39f434,Racing,Racing,Calude 3.5,FALSE,3D City Driving Simulation,,https://x.com/markszymik,"Play 'Car vs Monsters' using your mouse or keyboard. Each level introduces new mechanics, so pay attention to hints and experiment with interactions to uncover hidden layers of the game."
Drone Simulator,"Step into the world of 'Drone Simulator', where genre boundaries blur and gameplay surprises.","Drone Simulator delivers a one-of-a-kind browser experience, combining unexpected mechanics, striking visuals, and clever design choices. Each session offers a new twist, keeping players curious and engaged from the first click to the final challenge.",https://aibuiltgames.com/images/drone-simulator.png,c9456de6-123b-4099-a528-2b101e39f434,Simulation,Simulation,Calude 3.5,FALSE,FPV Drone Simulator,,https://x.com/ged_ven,"Play 'Drone Simulator' using your mouse or keyboard. Each level introduces new mechanics, so pay attention to hints and experiment with interactions to uncover hidden layers of the game."
Flee Battle,"Step into the world of 'Flee Battle', where genre boundaries blur and gameplay surprises.","Flee Battle delivers a one-of-a-kind browser experience, combining unexpected mechanics, striking visuals, and clever design choices. Each session offers a new twist, keeping players curious and engaged from the first click to the final challenge.",https://aibuiltgames.com/images/flee-battle.png,c9456de6-123b-4099-a528-2b101e39f434,Arcade,Arcade,Calude 3.5,FALSE,Vite + React + TS,,https://x.com/maxhertan,"Play 'Flee Battle' using your mouse or keyboard. Each level introduces new mechanics, so pay attention to hints and experiment with interactions to uncover hidden layers of the game."
Forest Escape,"Step into the world of 'Forest Escape', where genre boundaries blur and gameplay surprises.","Forest Escape delivers a one-of-a-kind browser experience, combining unexpected mechanics, striking visuals, and clever design choices. Each session offers a new twist, keeping players curious and engaged from the first click to the final challenge.",https://aibuiltgames.com/images/forest-escape.png,c9456de6-123b-4099-a528-2b101e39f434,Adventure,Adventure,Calude 3.5,FALSE,Floral Escape: Ghost Forest,,https://x.com/nomalex_,"Play 'Forest Escape' using your mouse or keyboard. Each level introduces new mechanics, so pay attention to hints and experiment with interactions to uncover hidden layers of the game."
Upvote Ville,"Step into the world of 'Upvote Ville', where genre boundaries blur and gameplay surprises.","Upvote Ville delivers a one-of-a-kind browser experience, combining unexpected mechanics, striking visuals, and clever design choices. Each session offers a new twist, keeping players curious and engaged from the first click to the final challenge.",https://aibuiltgames.com/images/upvote-ville.png,c9456de6-123b-4099-a528-2b101e39f434,Arcade,Arcade,Calude 3.5,FALSE,Upvote Ville,,https://x.com/kyanilogghe,"Play 'Upvote Ville' using your mouse or keyboard. Each level introduces new mechanics, so pay attention to hints and experiment with interactions to uncover hidden layers of the game."
Battleship 3D,"Step into the world of 'Battleship 3D', where genre boundaries blur and gameplay surprises.","Battleship 3D delivers a one-of-a-kind browser experience, combining unexpected mechanics, striking visuals, and clever design choices. Each session offers a new twist, keeping players curious and engaged from the first click to the final challenge.",https://aibuiltgames.com/images/battleship-3d.png,c9456de6-123b-4099-a528-2b101e39f434,Arcade,Arcade,Calude 3.5,FALSE,Battleships 3D,,https://x.com/toannhu21096,"Play 'Battleship 3D' using your mouse or keyboard. Each level introduces new mechanics, so pay attention to hints and experiment with interactions to uncover hidden layers of the game."
Astro Breaker,"Step into the world of 'Astro Breaker', where genre boundaries blur and gameplay surprises.","Astro Breaker delivers a one-of-a-kind browser experience, combining unexpected mechanics, striking visuals, and clever design choices. Each session offers a new twist, keeping players curious and engaged from the first click to the final challenge.",https://aibuiltgames.com/images/astro-breaker.png,c9456de6-123b-4099-a528-2b101e39f434,Shooter,Shooter,Calude 3.5,FALSE,Astro Breaker | HYTOPIA,,https://x.com/NeuralPixelAI,"Play 'Astro Breaker' using your mouse or keyboard. Each level introduces new mechanics, so pay attention to hints and experiment with interactions to uncover hidden layers of the game."
502 to Mars,"Step into the world of '502 to Mars', where genre boundaries blur and gameplay surprises.","502 to Mars delivers a one-of-a-kind browser experience, combining unexpected mechanics, striking visuals, and clever design choices. Each session offers a new twist, keeping players curious and engaged from the first click to the final challenge.",https://aibuiltgames.com/images/502-to-mars.png,c9456de6-123b-4099-a528-2b101e39f434,Simulation,Simulation,Calude 3.5,FALSE,520 To Mars by HCB Great Wall,,https://x.com/HCBGreatWall,"Play '502 to Mars' using your mouse or keyboard. Each level introduces new mechanics, so pay attention to hints and experiment with interactions to uncover hidden layers of the game."
Duke Nukem 3D 2025,"Step into the world of 'Duke Nukem 3D 2025', where genre boundaries blur and gameplay surprises.","Duke Nukem 3D 2025 delivers a one-of-a-kind browser experience, combining unexpected mechanics, striking visuals, and clever design choices. Each session offers a new twist, keeping players curious and engaged from the first click to the final challenge.",https://aibuiltgames.com/images/duke.png,c9456de6-123b-4099-a528-2b101e39f434,Shooter,Shooter,Calude 3.5,FALSE,Duke Nukem 3D 2025 by @rrmdp,,https://x.com/rrmdp,"Play 'Duke Nukem 3D 2025' using your mouse or keyboard. Each level introduces new mechanics, so pay attention to hints and experiment with interactions to uncover hidden layers of the game."
Jet Ski Simulation,"Step into the world of 'Jet Ski Simulation', where genre boundaries blur and gameplay surprises.","Jet Ski Simulation delivers a one-of-a-kind browser experience, combining unexpected mechanics, striking visuals, and clever design choices. Each session offers a new twist, keeping players curious and engaged from the first click to the final challenge.",https://aibuiltgames.com/images/jet-ski-simulation.png,c9456de6-123b-4099-a528-2b101e39f434,Simulation,Simulation,Calude 3.5,FALSE,Jetski Simulation | Cemil Sevim,,https://x.com/cemilsvm,"Play 'Jet Ski Simulation' using your mouse or keyboard. Each level introduces new mechanics, so pay attention to hints and experiment with interactions to uncover hidden layers of the game."
Archer Wars,"Step into the world of 'Archer Wars', where genre boundaries blur and gameplay surprises.","Archer Wars delivers a one-of-a-kind browser experience, combining unexpected mechanics, striking visuals, and clever design choices. Each session offers a new twist, keeping players curious and engaged from the first click to the final challenge.",https://aibuiltgames.com/images/archer-wars.png,c9456de6-123b-4099-a528-2b101e39f434,Shooter,Shooter,Calude 3.5,FALSE,archerwars.xyz,,https://x.com/finvisual,"Play 'Archer Wars' using your mouse or keyboard. Each level introduces new mechanics, so pay attention to hints and experiment with interactions to uncover hidden layers of the game."
Earth Simulation,"Step into the world of 'Earth Simulation', where genre boundaries blur and gameplay surprises.","Earth Simulation delivers a one-of-a-kind browser experience, combining unexpected mechanics, striking visuals, and clever design choices. Each session offers a new twist, keeping players curious and engaged from the first click to the final challenge.",https://aibuiltgames.com/images/earth-simulation.png,c9456de6-123b-4099-a528-2b101e39f434,Simulation,Simulation,Calude 3.5,FALSE,https://o3-experiments-nextjs.fly.dev/earth,,https://x.com/rfitzpatrick_io,"Play 'Earth Simulation' using your mouse or keyboard. Each level introduces new mechanics, so pay attention to hints and experiment with interactions to uncover hidden layers of the game."
Red Panda Vibes,"Step into the world of 'Red Panda Vibes', where genre boundaries blur and gameplay surprises.","Red Panda Vibes delivers a one-of-a-kind browser experience, combining unexpected mechanics, striking visuals, and clever design choices. Each session offers a new twist, keeping players curious and engaged from the first click to the final challenge.",https://aibuiltgames.com/images/red-panda-vibes.png,c9456de6-123b-4099-a528-2b101e39f434,Adventure,Adventure,Calude 3.5,FALSE,https://collidingscopes.github.io/red-panda-vibes/,,https://x.com/measure_plan,"Play 'Red Panda Vibes' using your mouse or keyboard. Each level introduces new mechanics, so pay attention to hints and experiment with interactions to uncover hidden layers of the game."
Rotshot,"Step into the world of 'Rotshot', where genre boundaries blur and gameplay surprises.","Rotshot delivers a one-of-a-kind browser experience, combining unexpected mechanics, striking visuals, and clever design choices. Each session offers a new twist, keeping players curious and engaged from the first click to the final challenge.",https://aibuiltgames.com/images/rotshot.png,c9456de6-123b-4099-a528-2b101e39f434,Shooter,Shooter,Calude 3.5,FALSE,ROTSHOT,,https://x.com/vibhor_gautam_,"Play 'Rotshot' using your mouse or keyboard. Each level introduces new mechanics, so pay attention to hints and experiment with interactions to uncover hidden layers of the game."
8 Pool,"Step into the world of '8 Pool', where genre boundaries blur and gameplay surprises.","8 Pool delivers a one-of-a-kind browser experience, combining unexpected mechanics, striking visuals, and clever design choices. Each session offers a new twist, keeping players curious and engaged from the first click to the final challenge.",https://aibuiltgames.com/images/8-pool.png,c9456de6-123b-4099-a528-2b101e39f434,Arcade,Arcade,Calude 3.5,FALSE,https://mrdeex.github.io/8pool/,,https://x.com/MrDee,"Play '8 Pool' using your mouse or keyboard. Each level introduces new mechanics, so pay attention to hints and experiment with interactions to uncover hidden layers of the game."
Matrix Cube,"Step into the world of 'Matrix Cube', where genre boundaries blur and gameplay surprises.","Matrix Cube delivers a one-of-a-kind browser experience, combining unexpected mechanics, striking visuals, and clever design choices. Each session offers a new twist, keeping players curious and engaged from the first click to the final challenge.",https://aibuiltgames.com/images/matrix-cube.png,c9456de6-123b-4099-a528-2b101e39f434,Puzzle,Puzzle,Calude 3.5,FALSE,Matrix Cube Memory Game,,https://x.com/Akkorothone,"Play 'Matrix Cube' using your mouse or keyboard. Each level introduces new mechanics, so pay attention to hints and experiment with interactions to uncover hidden layers of the game."
Biker City,"Step into the world of 'Biker City', where genre boundaries blur and gameplay surprises.","Biker City delivers a one-of-a-kind browser experience, combining unexpected mechanics, striking visuals, and clever design choices. Each session offers a new twist, keeping players curious and engaged from the first click to the final challenge.",https://aibuiltgames.com/images/biker-city.png,c9456de6-123b-4099-a528-2b101e39f434,Racing,Racing,Calude 3.5,FALSE,Biker City,,https://x.com/somewannabedev,"Play 'Biker City' using your mouse or keyboard. Each level introduces new mechanics, so pay attention to hints and experiment with interactions to uncover hidden layers of the game."
Pong Arcade,"Step into the world of 'Pong Arcade', where genre boundaries blur and gameplay surprises.","Pong Arcade delivers a one-of-a-kind browser experience, combining unexpected mechanics, striking visuals, and clever design choices. Each session offers a new twist, keeping players curious and engaged from the first click to the final challenge.",https://aibuiltgames.com/images/pongarcade.png,c9456de6-123b-4099-a528-2b101e39f434,Sports,Sports,Calude 3.5,FALSE,Play Classic Pong Online - Free Browser Arcade Game,,https://x.com/mischeiwiller,"Play 'Pong Arcade' using your mouse or keyboard. Each level introduces new mechanics, so pay attention to hints and experiment with interactions to uncover hidden layers of the game."
Elemental Combatant,"Step into the world of 'Elemental Combatant', where genre boundaries blur and gameplay surprises.","Elemental Combatant delivers a one-of-a-kind browser experience, combining unexpected mechanics, striking visuals, and clever design choices. Each session offers a new twist, keeping players curious and engaged from the first click to the final challenge.",https://aibuiltgames.com/images/elemental-combatant.png,c9456de6-123b-4099-a528-2b101e39f434,Action,Action,Calude 3.5,FALSE,Elemental CombaTanks,,https://x.com/IsaacXVoxel,"Play 'Elemental Combatant' using your mouse or keyboard. Each level introduces new mechanics, so pay attention to hints and experiment with interactions to uncover hidden layers of the game."
Boat Race 3D,"Step into the world of 'Boat Race 3D', where genre boundaries blur and gameplay surprises.","Boat Race 3D delivers a one-of-a-kind browser experience, combining unexpected mechanics, striking visuals, and clever design choices. Each session offers a new twist, keeping players curious and engaged from the first click to the final challenge.",https://aibuiltgames.com/images/boat-race-3d.png,c9456de6-123b-4099-a528-2b101e39f434,Racing,Racing,Calude 3.5,FALSE,Boat Multiplayer,,https://x.com/codefun_xyz,"Play 'Boat Race 3D' using your mouse or keyboard. Each level introduces new mechanics, so pay attention to hints and experiment with interactions to uncover hidden layers of the game."
Artilery Defense,"Step into the world of 'Artilery Defense', where genre boundaries blur and gameplay surprises.","Artilery Defense delivers a one-of-a-kind browser experience, combining unexpected mechanics, striking visuals, and clever design choices. Each session offers a new twist, keeping players curious and engaged from the first click to the final challenge.",https://aibuiltgames.com/images/artillery-defense.png,c9456de6-123b-4099-a528-2b101e39f434,Arcade,Arcade,Calude 3.5,FALSE,Artillery Defense,,https://x.com/craygen9,"Play 'Artilery Defense' using your mouse or keyboard. Each level introduces new mechanics, so pay attention to hints and experiment with interactions to uncover hidden layers of the game."
Builder,"Step into the world of 'Builder', where genre boundaries blur and gameplay surprises.","Builder delivers a one-of-a-kind browser experience, combining unexpected mechanics, striking visuals, and clever design choices. Each session offers a new twist, keeping players curious and engaged from the first click to the final challenge.",https://aibuiltgames.com/images/builder.png,c9456de6-123b-4099-a528-2b101e39f434,Arcade,Arcade,Calude 3.5,FALSE,Builder - Regame,,https://x.com/sarperdag,"Play 'Builder' using your mouse or keyboard. Each level introduces new mechanics, so pay attention to hints and experiment with interactions to uncover hidden layers of the game."
Freight Frenzy,"Step into the world of 'Freight Frenzy', where genre boundaries blur and gameplay surprises.","Freight Frenzy delivers a one-of-a-kind browser experience, combining unexpected mechanics, striking visuals, and clever design choices. Each session offers a new twist, keeping players curious and engaged from the first click to the final challenge.",https://aibuiltgames.com/images/freight-frenzy.png,c9456de6-123b-4099-a528-2b101e39f434,Arcade,Arcade,Calude 3.5,FALSE,Freight Frenzy,,https://x.com/StephenRuhe,"Play 'Freight Frenzy' using your mouse or keyboard. Each level introduces new mechanics, so pay attention to hints and experiment with interactions to uncover hidden layers of the game."
Moonlanders,"Step into the world of 'Moonlanders', where genre boundaries blur and gameplay surprises.","Moonlanders delivers a one-of-a-kind browser experience, combining unexpected mechanics, striking visuals, and clever design choices. Each session offers a new twist, keeping players curious and engaged from the first click to the final challenge.",https://aibuiltgames.com/images/moonlanders.png,c9456de6-123b-4099-a528-2b101e39f434,Arcade,Arcade,Calude 3.5,FALSE,Moonlanders.net (Fly anywhere in the world),,https://x.com/jerictan,"Play 'Moonlanders' using your mouse or keyboard. Each level introduces new mechanics, so pay attention to hints and experiment with interactions to uncover hidden layers of the game."
Escape,"Step into the world of 'Escape', where genre boundaries blur and gameplay surprises.","Escape delivers a one-of-a-kind browser experience, combining unexpected mechanics, striking visuals, and clever design choices. Each session offers a new twist, keeping players curious and engaged from the first click to the final challenge.",https://aibuiltgames.com/images/escape.png,c9456de6-123b-4099-a528-2b101e39f434,Other,Other,Calude 3.5,FALSE,Escape ó A Puzzles Unlocked Game,,https://x.com/jamesckemp,"Play 'Escape' using your mouse or keyboard. Each level introduces new mechanics, so pay attention to hints and experiment with interactions to uncover hidden layers of the game."
Cowboy Shooter,"Step into the world of 'Cowboy Shooter', where genre boundaries blur and gameplay surprises.","Cowboy Shooter delivers a one-of-a-kind browser experience, combining unexpected mechanics, striking visuals, and clever design choices. Each session offers a new twist, keeping players curious and engaged from the first click to the final challenge.",https://aibuiltgames.com/images/cowboy-shooter.png,c9456de6-123b-4099-a528-2b101e39f434,Shooter,Shooter,Calude 3.5,FALSE,"Cowboy Shooter - A free-to-play 3D runner shooting game, 100% AI-generated, from game assets to code",,https://x.com/pseudokid,"Play 'Cowboy Shooter' using your mouse or keyboard. Each level introduces new mechanics, so pay attention to hints and experiment with interactions to uncover hidden layers of the game."
Dodgeball Duel,"Step into the world of 'Dodgeball Duel', where genre boundaries blur and gameplay surprises.","Dodgeball Duel delivers a one-of-a-kind browser experience, combining unexpected mechanics, striking visuals, and clever design choices. Each session offers a new twist, keeping players curious and engaged from the first click to the final challenge.",https://aibuiltgames.com/images/dodgeball-duel.png,c9456de6-123b-4099-a528-2b101e39f434,Sports,Sports,Calude 3.5,FALSE,Dodgeball Duel,,https://x.com/soho_ca,"Play 'Dodgeball Duel' using your mouse or keyboard. Each level introduces new mechanics, so pay attention to hints and experiment with interactions to uncover hidden layers of the game."
Flight Simulator,"Step into the world of 'Flight Simulator', where genre boundaries blur and gameplay surprises.","Flight Simulator delivers a one-of-a-kind browser experience, combining unexpected mechanics, striking visuals, and clever design choices. Each session offers a new twist, keeping players curious and engaged from the first click to the final challenge.",https://aibuiltgames.com/images/flighsim.png,c9456de6-123b-4099-a528-2b101e39f434,Simulation,Simulation,Calude 3.5,FALSE,Fly Hi,,https://x.com/donvito,"Play 'Flight Simulator' using your mouse or keyboard. Each level introduces new mechanics, so pay attention to hints and experiment with interactions to uncover hidden layers of the game."
Vibe Karting,"Step into the world of 'Vibe Karting', where genre boundaries blur and gameplay surprises.","Vibe Karting delivers a one-of-a-kind browser experience, combining unexpected mechanics, striking visuals, and clever design choices. Each session offers a new twist, keeping players curious and engaged from the first click to the final challenge.",https://aibuiltgames.com/images/vibe-karting.png,c9456de6-123b-4099-a528-2b101e39f434,Racing,Racing,Calude 3.5,FALSE,Vibe Karting,,https://x.com/ThatArrowsmith,"Play 'Vibe Karting' using your mouse or keyboard. Each level introduces new mechanics, so pay attention to hints and experiment with interactions to uncover hidden layers of the game."
Hot Air Balloon Adventure,"Step into the world of 'Hot Air Balloon Adventure', where genre boundaries blur and gameplay surprises.","Hot Air Balloon Adventure delivers a one-of-a-kind browser experience, combining unexpected mechanics, striking visuals, and clever design choices. Each session offers a new twist, keeping players curious and engaged from the first click to the final challenge.",https://aibuiltgames.com/images/hot-air-balloon-adventure.png,c9456de6-123b-4099-a528-2b101e39f434,Adventure,Adventure,Calude 3.5,FALSE,Vercel Security Checkpoint,,https://x.com/SieversJosua,"Play 'Hot Air Balloon Adventure' using your mouse or keyboard. Each level introduces new mechanics, so pay attention to hints and experiment with interactions to uncover hidden layers of the game."
Not Fast Enough,"Step into the world of 'Not Fast Enough', where genre boundaries blur and gameplay surprises.","Not Fast Enough delivers a one-of-a-kind browser experience, combining unexpected mechanics, striking visuals, and clever design choices. Each session offers a new twist, keeping players curious and engaged from the first click to the final challenge.",https://aibuiltgames.com/images/not-fast-enough.png,c9456de6-123b-4099-a528-2b101e39f434,Racing,Racing,Calude 3.5,FALSE,Not Fast Enough - 3D Racing Game,,https://x.com/SJanuskas,"Play 'Not Fast Enough' using your mouse or keyboard. Each level introduces new mechanics, so pay attention to hints and experiment with interactions to uncover hidden layers of the game."
Flappy Bird 3D,"Step into the world of 'Flappy Bird 3D', where genre boundaries blur and gameplay surprises.","Flappy Bird 3D delivers a one-of-a-kind browser experience, combining unexpected mechanics, striking visuals, and clever design choices. Each session offers a new twist, keeping players curious and engaged from the first click to the final challenge.",https://aibuiltgames.com/images/flappy-bird-3d.png,c9456de6-123b-4099-a528-2b101e39f434,Arcade,Arcade,Calude 3.5,FALSE,Flappy Bird 3D,,https://x.com/notpurav,"Play 'Flappy Bird 3D' using your mouse or keyboard. Each level introduces new mechanics, so pay attention to hints and experiment with interactions to uncover hidden layers of the game."
Ophidian,"Step into the world of 'Ophidian', where genre boundaries blur and gameplay surprises.","Ophidian delivers a one-of-a-kind browser experience, combining unexpected mechanics, striking visuals, and clever design choices. Each session offers a new twist, keeping players curious and engaged from the first click to the final challenge.",https://aibuiltgames.com/images/ophidian.png,c9456de6-123b-4099-a528-2b101e39f434,Arcade,Arcade,Calude 3.5,FALSE,Ophidian,,https://x.com/drewvergara,"Play 'Ophidian' using your mouse or keyboard. Each level introduces new mechanics, so pay attention to hints and experiment with interactions to uncover hidden layers of the game."
Wing Man,"Step into the world of 'Wing Man', where genre boundaries blur and gameplay surprises.","Wing Man delivers a one-of-a-kind browser experience, combining unexpected mechanics, striking visuals, and clever design choices. Each session offers a new twist, keeping players curious and engaged from the first click to the final challenge.",https://aibuiltgames.com/images/wing-man.png,c9456de6-123b-4099-a528-2b101e39f434,Simulation,Simulation,Calude 3.5,FALSE,Wing Man - Fly a hang glider,,https://x.com/hugohamelcom,"Play 'Wing Man' using your mouse or keyboard. Each level introduces new mechanics, so pay attention to hints and experiment with interactions to uncover hidden layers of the game."
Tank Manic Shooter,"Step into the world of 'Tank Manic Shooter', where genre boundaries blur and gameplay surprises.","Tank Manic Shooter delivers a one-of-a-kind browser experience, combining unexpected mechanics, striking visuals, and clever design choices. Each session offers a new twist, keeping players curious and engaged from the first click to the final challenge.",https://aibuiltgames.com/images/tankus.png,c9456de6-123b-4099-a528-2b101e39f434,Shooter,Shooter,Calude 3.5,FALSE,Tank Game,,https://x.com/jtm8683,"Play 'Tank Manic Shooter' using your mouse or keyboard. Each level introduces new mechanics, so pay attention to hints and experiment with interactions to uncover hidden layers of the game."
Tic-Tac Cricket,"Step into the world of 'Tic-Tac Cricket', where genre boundaries blur and gameplay surprises.","Tic-Tac Cricket delivers a one-of-a-kind browser experience, combining unexpected mechanics, striking visuals, and clever design choices. Each session offers a new twist, keeping players curious and engaged from the first click to the final challenge.",https://aibuiltgames.com/images/cricket.png,c9456de6-123b-4099-a528-2b101e39f434,Sports,Sports,Calude 3.5,FALSE,Play Tic-Tac Cricket - A Fun Online Cricket Tic-Tac-Toe Game,,https://x.com/byteonwire,"Play 'Tic-Tac Cricket' using your mouse or keyboard. Each level introduces new mechanics, so pay attention to hints and experiment with interactions to uncover hidden layers of the game."
Pixel Blast,"Step into the world of 'Pixel Blast', where genre boundaries blur and gameplay surprises.","Pixel Blast delivers a one-of-a-kind browser experience, combining unexpected mechanics, striking visuals, and clever design choices. Each session offers a new twist, keeping players curious and engaged from the first click to the final challenge.",https://aibuiltgames.com/images/pixel-blast.png,c9456de6-123b-4099-a528-2b101e39f434,Arcade,Arcade,Calude 3.5,FALSE,Pixel Blast: 60-Second Chaos,,https://x.com/mattmerrick16,"Play 'Pixel Blast' using your mouse or keyboard. Each level introduces new mechanics, so pay attention to hints and experiment with interactions to uncover hidden layers of the game."
UFOs On Mars,"Step into the world of 'UFOs On Mars', where genre boundaries blur and gameplay surprises.","UFOs On Mars delivers a one-of-a-kind browser experience, combining unexpected mechanics, striking visuals, and clever design choices. Each session offers a new twist, keeping players curious and engaged from the first click to the final challenge.",https://aibuiltgames.com/images/ufos-on-mars.jpg,c9456de6-123b-4099-a528-2b101e39f434,Shooter,Shooter,Calude 3.5,FALSE,UFOs On Mars - The Game,,https://x.com/pneus841,"Play 'UFOs On Mars' using your mouse or keyboard. Each level introduces new mechanics, so pay attention to hints and experiment with interactions to uncover hidden layers of the game."
Dome Farm,"Step into the world of 'Dome Farm', where genre boundaries blur and gameplay surprises.","Dome Farm delivers a one-of-a-kind browser experience, combining unexpected mechanics, striking visuals, and clever design choices. Each session offers a new twist, keeping players curious and engaged from the first click to the final challenge.",https://aibuiltgames.com/images/dome-farm.png,c9456de6-123b-4099-a528-2b101e39f434,Simulation,Simulation,Calude 3.5,FALSE,Dome Farm,,https://x.com/jelmerdeboer,"Play 'Dome Farm' using your mouse or keyboard. Each level introduces new mechanics, so pay attention to hints and experiment with interactions to uncover hidden layers of the game."
Macro Data Refinement,"Step into the world of 'Macro Data Refinement', where genre boundaries blur and gameplay surprises.","Macro Data Refinement delivers a one-of-a-kind browser experience, combining unexpected mechanics, striking visuals, and clever design choices. Each session offers a new twist, keeping players curious and engaged from the first click to the final challenge.",https://aibuiltgames.com/images/macro-data-refinement.png,c9456de6-123b-4099-a528-2b101e39f434,Puzzle,Puzzle,Calude 3.5,FALSE,Macro Data Refinement,,https://x.com/mitchposts,"Play 'Macro Data Refinement' using your mouse or keyboard. Each level introduces new mechanics, so pay attention to hints and experiment with interactions to uncover hidden layers of the game."
Dune Wanderer,"Step into the world of 'Dune Wanderer', where genre boundaries blur and gameplay surprises.","Dune Wanderer delivers a one-of-a-kind browser experience, combining unexpected mechanics, striking visuals, and clever design choices. Each session offers a new twist, keeping players curious and engaged from the first click to the final challenge.",https://aibuiltgames.com/images/dune-wanderer.png,c9456de6-123b-4099-a528-2b101e39f434,Simulation,Simulation,Calude 3.5,FALSE,Create Next App,,https://x.com/balt1794,"Play 'Dune Wanderer' using your mouse or keyboard. Each level introduces new mechanics, so pay attention to hints and experiment with interactions to uncover hidden layers of the game."
Custom Invaders,"Step into the world of 'Custom Invaders', where genre boundaries blur and gameplay surprises.","Custom Invaders delivers a one-of-a-kind browser experience, combining unexpected mechanics, striking visuals, and clever design choices. Each session offers a new twist, keeping players curious and engaged from the first click to the final challenge.",https://aibuiltgames.com/images/custom-invaders.png,c9456de6-123b-4099-a528-2b101e39f434,Arcade,Arcade,Calude 3.5,FALSE,Render - Application loading,,https://x.com/AI_TechnoKing,"Play 'Custom Invaders' using your mouse or keyboard. Each level introduces new mechanics, so pay attention to hints and experiment with interactions to uncover hidden layers of the game."
One Million Pixels,"Step into the world of 'One Million Pixels', where genre boundaries blur and gameplay surprises.","One Million Pixels delivers a one-of-a-kind browser experience, combining unexpected mechanics, striking visuals, and clever design choices. Each session offers a new twist, keeping players curious and engaged from the first click to the final challenge.",https://aibuiltgames.com/images/one-million-pixels.png,c9456de6-123b-4099-a528-2b101e39f434,Arcade,Arcade,Calude 3.5,FALSE,One Million Pixels,,https://x.com/MartinSumera,"Play 'One Million Pixels' using your mouse or keyboard. Each level introduces new mechanics, so pay attention to hints and experiment with interactions to uncover hidden layers of the game."
First Person Flappy Bird,"Step into the world of 'First Person Flappy Bird', where genre boundaries blur and gameplay surprises.","First Person Flappy Bird delivers a one-of-a-kind browser experience, combining unexpected mechanics, striking visuals, and clever design choices. Each session offers a new twist, keeping players curious and engaged from the first click to the final challenge.",https://aibuiltgames.com/images/first-person-flappy-bird.mp4,c9456de6-123b-4099-a528-2b101e39f434,Arcade,Arcade,Calude 3.5,FALSE,https://firstpersonflappy.com/,,https://x.com/HolyCoward,"Play 'First Person Flappy Bird' using your mouse or keyboard. Each level introduces new mechanics, so pay attention to hints and experiment with interactions to uncover hidden layers of the game."
Save Peanut,"Step into the world of 'Save Peanut', where genre boundaries blur and gameplay surprises.","Save Peanut delivers a one-of-a-kind browser experience, combining unexpected mechanics, striking visuals, and clever design choices. Each session offers a new twist, keeping players curious and engaged from the first click to the final challenge.",https://aibuiltgames.com/images/save-peanut.png,c9456de6-123b-4099-a528-2b101e39f434,Arcade,Arcade,Calude 3.5,FALSE,Save Peanut!,,https://x.com/piet_dev,"Play 'Save Peanut' using your mouse or keyboard. Each level introduces new mechanics, so pay attention to hints and experiment with interactions to uncover hidden layers of the game."
AI Bomber Game,"Step into the world of 'AI Bomber Game', where genre boundaries blur and gameplay surprises.","AI Bomber Game delivers a one-of-a-kind browser experience, combining unexpected mechanics, striking visuals, and clever design choices. Each session offers a new twist, keeping players curious and engaged from the first click to the final challenge.",https://aibuiltgames.com/images/ai-bomber-game.mp4,c9456de6-123b-4099-a528-2b101e39f434,Action,Action,Calude 3.5,FALSE,Bomberman 3D,,https://x.com/tuantruong,"Play 'AI Bomber Game' using your mouse or keyboard. Each level introduces new mechanics, so pay attention to hints and experiment with interactions to uncover hidden layers of the game."
World Quest,"Step into the world of 'World Quest', where genre boundaries blur and gameplay surprises.","World Quest delivers a one-of-a-kind browser experience, combining unexpected mechanics, striking visuals, and clever design choices. Each session offers a new twist, keeping players curious and engaged from the first click to the final challenge.",https://aibuiltgames.com/images/world-quest.jpg,c9456de6-123b-4099-a528-2b101e39f434,Other,Other,Calude 3.5,FALSE,World Quest - Explore Ancient Civilizations,,https://x.com/romainsimon,"Play 'World Quest' using your mouse or keyboard. Each level introduces new mechanics, so pay attention to hints and experiment with interactions to uncover hidden layers of the game."
High Seas,"Step into the world of 'High Seas', where genre boundaries blur and gameplay surprises.","High Seas delivers a one-of-a-kind browser experience, combining unexpected mechanics, striking visuals, and clever design choices. Each session offers a new twist, keeping players curious and engaged from the first click to the final challenge.",https://aibuiltgames.com/images/high-seas.png,c9456de6-123b-4099-a528-2b101e39f434,Adventure,Adventure,Calude 3.5,FALSE,High Seas,,https://x.com/oldfeet,"Play 'High Seas' using your mouse or keyboard. Each level introduces new mechanics, so pay attention to hints and experiment with interactions to uncover hidden layers of the game."
ENTRY,"Step into the world of 'ENTRY', where genre boundaries blur and gameplay surprises.","ENTRY delivers a one-of-a-kind browser experience, combining unexpected mechanics, striking visuals, and clever design choices. Each session offers a new twist, keeping players curious and engaged from the first click to the final challenge.",https://aibuiltgames.com/images/entry.png,c9456de6-123b-4099-a528-2b101e39f434,Puzzle,Puzzle,Calude 3.5,FALSE,ENTRY - Word Game,,https://x.com/avedmon,"Play 'ENTRY' using your mouse or keyboard. Each level introduces new mechanics, so pay attention to hints and experiment with interactions to uncover hidden layers of the game."
Word Smash,"Step into the world of 'Word Smash', where genre boundaries blur and gameplay surprises.","Word Smash delivers a one-of-a-kind browser experience, combining unexpected mechanics, striking visuals, and clever design choices. Each session offers a new twist, keeping players curious and engaged from the first click to the final challenge.",https://aibuiltgames.com/images/word-smash.png,c9456de6-123b-4099-a528-2b101e39f434,Educational,Educational,Calude 3.5,FALSE,Word Smash Typing Game - A Typing Maniac Clone,,https://x.com/apsquareddev,"Play 'Word Smash' using your mouse or keyboard. Each level introduces new mechanics, so pay attention to hints and experiment with interactions to uncover hidden layers of the game."
SpaceRunner,"Step into the world of 'SpaceRunner', where genre boundaries blur and gameplay surprises.","SpaceRunner delivers a one-of-a-kind browser experience, combining unexpected mechanics, striking visuals, and clever design choices. Each session offers a new twist, keeping players curious and engaged from the first click to the final challenge.",https://aibuiltgames.com/images/spacerunner.png,c9456de6-123b-4099-a528-2b101e39f434,Arcade,Arcade,Calude 3.5,FALSE,SpaceRunner - A vibe coded space game by a non-coder,,https://x.com/tolomo89,"Play 'SpaceRunner' using your mouse or keyboard. Each level introduces new mechanics, so pay attention to hints and experiment with interactions to uncover hidden layers of the game."
Solid Snek Game,"Step into the world of 'Solid Snek Game', where genre boundaries blur and gameplay surprises.","Solid Snek Game delivers a one-of-a-kind browser experience, combining unexpected mechanics, striking visuals, and clever design choices. Each session offers a new twist, keeping players curious and engaged from the first click to the final challenge.",https://aibuiltgames.com/images/solid-snek-game.png,c9456de6-123b-4099-a528-2b101e39f434,Adventure,Adventure,Calude 3.5,FALSE,Solid Snek - 2D Metal Gear Solid,,https://x.com/peptech_,"Play 'Solid Snek Game' using your mouse or keyboard. Each level introduces new mechanics, so pay attention to hints and experiment with interactions to uncover hidden layers of the game."
AI Wars,"Turn-based AI empire simulation, inspired by Dope Wars, where you compete to dominate the artificial intelligence industry. ",,https://aibuiltgames.com/images/ai-wars.png,c9456de6-123b-4099-a528-2b101e39f434,Simulation,Simulation,Calude 3.5,FALSE,AI Wars - Dominate the Artificial Intelligence Industry,,https://x.com/nadcsr,
Grid Golf,"Step into the world of 'Grid Golf', where genre boundaries blur and gameplay surprises.","Grid Golf delivers a one-of-a-kind browser experience, combining unexpected mechanics, striking visuals, and clever design choices. Each session offers a new twist, keeping players curious and engaged from the first click to the final challenge.",https://aibuiltgames.com/images/gridgolf.png,c9456de6-123b-4099-a528-2b101e39f434,Sports,Sports,Calude 3.5,FALSE,Grid Golf,,https://x.com/byteonwire,"Play 'Grid Golf' using your mouse or keyboard. Each level introduces new mechanics, so pay attention to hints and experiment with interactions to uncover hidden layers of the game."
Cops and Robbers,"Step into the world of 'Cops and Robbers', where genre boundaries blur and gameplay surprises.","Cops and Robbers delivers a one-of-a-kind browser experience, combining unexpected mechanics, striking visuals, and clever design choices. Each session offers a new twist, keeping players curious and engaged from the first click to the final challenge.",https://aibuiltgames.com/images/cops-and-robbers.png,c9456de6-123b-4099-a528-2b101e39f434,Simulation,Simulation,Calude 3.5,FALSE,Cops and Robbers,,https://x.com/Khatarnak_Ishan,"Play 'Cops and Robbers' using your mouse or keyboard. Each level introduces new mechanics, so pay attention to hints and experiment with interactions to uncover hidden layers of the game."
